imagen,otsu_veredicto,otsu_n,otsu_area,otsu_ms,otsu_recall_cajas,adaptativo_veredicto,adaptativo_n,adaptativo_area,adaptativo_ms,adaptativo_recall_cajas,real
crazing_241.jpg,DEFECTUOSA,1,40000,7.67,1.0,DEFECTUOSA,1,39560,2.42,1.0,DEFECTUOSA
crazing_242.jpg,DEFECTUOSA,1,40000,2.64,1.0,DEFECTUOSA,1,39715,2.68,1.0,DEFECTUOSA
crazing_243.jpg,DEFECTUOSA,1,40000,2.01,1.0,DEFECTUOSA,1,39837,2.14,1.0,DEFECTUOSA
crazing_244.jpg,DEFECTUOSA,1,40000,1.95,1.0,DEFECTUOSA,1,39306,1.6,1.0,DEFECTUOSA
crazing_245.jpg,DEFECTUOSA,1,39860,1.95,1.0,DEFECTUOSA,1,40000,2.04,1.0,DEFECTUOSA
crazing_246.jpg,DEFECTUOSA,1,40000,2.28,1.0,DEFECTUOSA,1,39303,1.98,1.0,DEFECTUOSA
crazing_247.jpg,DEFECTUOSA,1,40000,1.86,1.0,DEFECTUOSA,1,40000,1.65,1.0,DEFECTUOSA
crazing_248.jpg,DEFECTUOSA,1,40000,2.25,1.0,DEFECTUOSA,1,40000,2.26,1.0,DEFECTUOSA
crazing_249.jpg,DEFECTUOSA,1,40000,2.54,1.0,DEFECTUOSA,1,39860,3.26,1.0,DEFECTUOSA
crazing_250.jpg,DEFECTUOSA,1,40000,2.44,1.0,DEFECTUOSA,1,40000,4.3,1.0,DEFECTUOSA
crazing_251.jpg,DEFECTUOSA,1,40000,3.67,1.0,DEFECTUOSA,1,40000,4.21,1.0,DEFECTUOSA
crazing_252.jpg,DEFECTUOSA,1,40000,4.35,1.0,DEFECTUOSA,1,39493,4.71,1.0,DEFECTUOSA
crazing_253.jpg,DEFECTUOSA,1,39853,4.42,1.0,DEFECTUOSA,1,40000,4.49,1.0,DEFECTUOSA
crazing_254.jpg,DEFECTUOSA,1,40000,3.86,1.0,DEFECTUOSA,1,40000,3.6,1.0,DEFECTUOSA
crazing_255.jpg,DEFECTUOSA,1,40000,4.28,1.0,DEFECTUOSA,1,39631,4.17,1.0,DEFECTUOSA
crazing_256.jpg,DEFECTUOSA,1,40000,4.07,1.0,DEFECTUOSA,1,39651,4.77,1.0,DEFECTUOSA
crazing_257.jpg,DEFECTUOSA,1,40000,4.32,1.0,DEFECTUOSA,1,39524,4.27,1.0,DEFECTUOSA
crazing_258.jpg,DEFECTUOSA,1,40000,4.72,1.0,DEFECTUOSA,1,39003,4.34,1.0,DEFECTUOSA
crazing_259.jpg,DEFECTUOSA,1,40000,4.49,1.0,DEFECTUOSA,1,39869,4.34,1.0,DEFECTUOSA
crazing_260.jpg,DEFECTUOSA,1,40000,3.93,1.0,DEFECTUOSA,1,40000,3.59,1.0,DEFECTUOSA
crazing_261.jpg,DEFECTUOSA,1,40000,4.55,1.0,DEFECTUOSA,1,40000,4.29,1.0,DEFECTUOSA
crazing_262.jpg,DEFECTUOSA,1,40000,4.44,1.0,DEFECTUOSA,1,39655,4.27,1.0,DEFECTUOSA
crazing_263.jpg,DEFECTUOSA,1,40000,3.56,1.0,DEFECTUOSA,1,39894,2.24,1.0,DEFECTUOSA
crazing_264.jpg,DEFECTUOSA,1,40000,5.01,1.0,DEFECTUOSA,1,40000,2.54,1.0,DEFECTUOSA
crazing_265.jpg,DEFECTUOSA,1,40000,2.54,1.0,DEFECTUOSA,1,40000,3.65,1.0,DEFECTUOSA
crazing_266.jpg,DEFECTUOSA,1,40000,1.83,1.0,DEFECTUOSA,1,39859,1.81,1.0,DEFECTUOSA
crazing_267.jpg,DEFECTUOSA,1,40000,4.51,1.0,DEFECTUOSA,1,39569,4.09,1.0,DEFECTUOSA
crazing_268.jpg,DEFECTUOSA,1,40000,3.52,1.0,DEFECTUOSA,1,40000,2.8,1.0,DEFECTUOSA
crazing_269.jpg,DEFECTUOSA,1,40000,4.4,1.0,DEFECTUOSA,1,39800,4.3,1.0,DEFECTUOSA
crazing_270.jpg,DEFECTUOSA,1,40000,4.85,1.0,DEFECTUOSA,1,39835,4.22,1.0,DEFECTUOSA
crazing_271.jpg,DEFECTUOSA,1,40000,2.91,1.0,DEFECTUOSA,1,39677,4.29,1.0,DEFECTUOSA
crazing_272.jpg,DEFECTUOSA,1,40000,4.12,1.0,DEFECTUOSA,1,39847,4.0,1.0,DEFECTUOSA
crazing_273.jpg,DEFECTUOSA,1,40000,4.13,1.0,DEFECTUOSA,1,39862,4.12,1.0,DEFECTUOSA
crazing_274.jpg,DEFECTUOSA,1,40000,5.04,1.0,DEFECTUOSA,1,40000,4.3,1.0,DEFECTUOSA
crazing_275.jpg,DEFECTUOSA,1,40000,4.21,1.0,DEFECTUOSA,1,39650,4.1,1.0,DEFECTUOSA
crazing_276.jpg,DEFECTUOSA,1,40000,4.21,1.0,DEFECTUOSA,1,39837,4.4,1.0,DEFECTUOSA
crazing_277.jpg,DEFECTUOSA,1,40000,4.29,1.0,DEFECTUOSA,1,39373,4.14,1.0,DEFECTUOSA
crazing_278.jpg,DEFECTUOSA,1,40000,4.37,1.0,DEFECTUOSA,1,39553,3.77,1.0,DEFECTUOSA
crazing_279.jpg,DEFECTUOSA,1,40000,2.44,1.0,DEFECTUOSA,1,39608,3.12,1.0,DEFECTUOSA
crazing_280.jpg,DEFECTUOSA,1,40000,3.38,1.0,DEFECTUOSA,1,39669,4.19,1.0,DEFECTUOSA
crazing_281.jpg,DEFECTUOSA,1,40000,4.12,1.0,DEFECTUOSA,1,39116,4.43,1.0,DEFECTUOSA
crazing_282.jpg,DEFECTUOSA,1,40000,3.37,1.0,DEFECTUOSA,1,38757,2.84,1.0,DEFECTUOSA
crazing_283.jpg,DEFECTUOSA,1,40000,2.35,1.0,DEFECTUOSA,1,39903,2.39,1.0,DEFECTUOSA
crazing_284.jpg,DEFECTUOSA,1,40000,2.55,1.0,DEFECTUOSA,1,39375,2.7,1.0,DEFECTUOSA
crazing_285.jpg,DEFECTUOSA,1,40000,3.85,1.0,DEFECTUOSA,1,39716,2.55,1.0,DEFECTUOSA
crazing_286.jpg,DEFECTUOSA,1,40000,2.32,1.0,DEFECTUOSA,1,39816,2.42,1.0,DEFECTUOSA
crazing_287.jpg,DEFECTUOSA,1,40000,3.15,1.0,DEFECTUOSA,1,39525,3.67,1.0,DEFECTUOSA
crazing_288.jpg,DEFECTUOSA,1,40000,2.48,1.0,DEFECTUOSA,1,39765,3.96,1.0,DEFECTUOSA
crazing_289.jpg,DEFECTUOSA,1,40000,4.24,1.0,DEFECTUOSA,1,39391,4.2,1.0,DEFECTUOSA
crazing_290.jpg,DEFECTUOSA,1,40000,2.16,1.0,DEFECTUOSA,1,39860,2.14,1.0,DEFECTUOSA
crazing_291.jpg,DEFECTUOSA,1,40000,2.71,1.0,DEFECTUOSA,1,40000,2.62,1.0,DEFECTUOSA
crazing_292.jpg,DEFECTUOSA,1,39859,3.39,1.0,DEFECTUOSA,1,39782,3.14,1.0,DEFECTUOSA
crazing_293.jpg,DEFECTUOSA,1,40000,2.38,1.0,DEFECTUOSA,1,39134,2.21,1.0,DEFECTUOSA
crazing_294.jpg,DEFECTUOSA,1,40000,2.31,1.0,DEFECTUOSA,1,40000,2.21,1.0,DEFECTUOSA
crazing_295.jpg,DEFECTUOSA,1,40000,2.36,1.0,DEFECTUOSA,1,39862,2.23,1.0,DEFECTUOSA
crazing_296.jpg,DEFECTUOSA,1,39927,2.23,1.0,DEFECTUOSA,1,39196,2.2,1.0,DEFECTUOSA
crazing_297.jpg,DEFECTUOSA,1,40000,2.37,1.0,DEFECTUOSA,1,39698,2.28,1.0,DEFECTUOSA
crazing_298.jpg,DEFECTUOSA,1,40000,4.29,1.0,DEFECTUOSA,1,40000,2.62,1.0,DEFECTUOSA
crazing_299.jpg,DEFECTUOSA,1,39826,4.03,1.0,DEFECTUOSA,1,39329,3.01,1.0,DEFECTUOSA
crazing_300.jpg,DEFECTUOSA,1,40000,2.37,1.0,DEFECTUOSA,1,39325,3.54,1.0,DEFECTUOSA
inclusion_241.jpg,DEFECTUOSA,1,40000,2.22,1.0,OK,0,0,2.36,0.0,DEFECTUOSA
inclusion_242.jpg,DEFECTUOSA,1,40000,2.13,1.0,DEFECTUOSA,1,493,2.25,0.5,DEFECTUOSA
inclusion_243.jpg,DEFECTUOSA,1,39762,2.37,1.0,DEFECTUOSA,1,508,1.93,0.333,DEFECTUOSA
inclusion_244.jpg,DEFECTUOSA,1,39849,3.4,1.0,DEFECTUOSA,1,508,2.13,0.333,DEFECTUOSA
inclusion_245.jpg,DEFECTUOSA,1,39755,3.84,1.0,DEFECTUOSA,1,479,2.23,1.0,DEFECTUOSA
inclusion_246.jpg,DEFECTUOSA,1,39615,2.34,1.0,OK,0,0,3.52,0.0,DEFECTUOSA
inclusion_247.jpg,DEFECTUOSA,1,39701,2.35,1.0,OK,0,0,2.86,0.0,DEFECTUOSA
inclusion_248.jpg,DEFECTUOSA,1,40000,2.27,1.0,OK,0,0,2.64,0.0,DEFECTUOSA
inclusion_249.jpg,DEFECTUOSA,1,40000,2.49,1.0,OK,0,0,2.05,0.0,DEFECTUOSA
inclusion_250.jpg,DEFECTUOSA,1,39794,2.41,1.0,OK,0,0,2.61,0.0,DEFECTUOSA
inclusion_251.jpg,DEFECTUOSA,1,40000,3.95,1.0,OK,0,0,2.3,0.0,DEFECTUOSA
inclusion_252.jpg,DEFECTUOSA,1,38949,2.41,1.0,OK,0,0,1.95,0.0,DEFECTUOSA
inclusion_253.jpg,DEFECTUOSA,1,39576,2.39,1.0,OK,0,0,2.47,0.0,DEFECTUOSA
inclusion_254.jpg,DEFECTUOSA,1,39816,2.42,1.0,DEFECTUOSA,1,501,2.16,0.5,DEFECTUOSA
inclusion_255.jpg,DEFECTUOSA,1,40000,1.99,1.0,OK,0,0,1.82,0.0,DEFECTUOSA
inclusion_256.jpg,DEFECTUOSA,1,40000,1.78,1.0,OK,0,0,1.98,0.0,DEFECTUOSA
inclusion_257.jpg,DEFECTUOSA,1,40000,3.97,1.0,OK,0,0,2.96,0.0,DEFECTUOSA
inclusion_258.jpg,DEFECTUOSA,1,19635,2.39,1.0,OK,0,0,1.9,0.0,DEFECTUOSA
inclusion_259.jpg,DEFECTUOSA,1,39651,2.41,1.0,OK,0,0,2.07,0.0,DEFECTUOSA
inclusion_260.jpg,DEFECTUOSA,1,39593,4.03,1.0,OK,0,0,2.12,0.0,DEFECTUOSA
inclusion_261.jpg,DEFECTUOSA,1,39576,3.25,1.0,OK,0,0,2.98,0.0,DEFECTUOSA
inclusion_262.jpg,DEFECTUOSA,2,11454,4.33,1.0,DEFECTUOSA,1,1055,2.3,0.333,DEFECTUOSA
inclusion_263.jpg,DEFECTUOSA,1,39630,3.87,1.0,OK,0,0,2.35,0.0,DEFECTUOSA
inclusion_264.jpg,DEFECTUOSA,2,7586,2.07,1.0,DEFECTUOSA,2,1566,2.61,0.75,DEFECTUOSA
inclusion_265.jpg,DEFECTUOSA,1,3882,3.78,0.25,DEFECTUOSA,2,2101,2.92,0.25,DEFECTUOSA
inclusion_266.jpg,DEFECTUOSA,3,11176,2.61,1.0,OK,0,0,2.07,0.0,DEFECTUOSA
inclusion_267.jpg,DEFECTUOSA,1,21645,1.9,1.0,OK,0,0,1.79,0.0,DEFECTUOSA
inclusion_268.jpg,DEFECTUOSA,3,14469,2.1,1.0,OK,0,0,3.33,0.0,DEFECTUOSA
inclusion_269.jpg,DEFECTUOSA,1,36895,4.92,1.0,DEFECTUOSA,1,2012,6.57,0.333,DEFECTUOSA
inclusion_270.jpg,DEFECTUOSA,1,37772,5.68,1.0,OK,0,0,5.48,0.0,DEFECTUOSA
inclusion_271.jpg,DEFECTUOSA,1,36378,3.92,1.0,OK,0,0,2.18,0.0,DEFECTUOSA
inclusion_272.jpg,DEFECTUOSA,1,39791,2.13,1.0,OK,0,0,3.46,0.0,DEFECTUOSA
inclusion_273.jpg,DEFECTUOSA,1,38635,3.58,1.0,OK,0,0,2.81,0.0,DEFECTUOSA
inclusion_274.jpg,DEFECTUOSA,1,35999,3.97,1.0,OK,0,0,2.62,0.0,DEFECTUOSA
inclusion_275.jpg,DEFECTUOSA,1,24934,2.23,1.0,OK,0,0,2.78,0.0,DEFECTUOSA
inclusion_276.jpg,DEFECTUOSA,2,10468,4.04,1.0,OK,0,0,3.11,0.0,DEFECTUOSA
inclusion_277.jpg,DEFECTUOSA,1,37930,2.48,1.0,OK,0,0,2.12,0.0,DEFECTUOSA
inclusion_278.jpg,DEFECTUOSA,1,35687,2.57,1.0,OK,0,0,2.79,0.0,DEFECTUOSA
inclusion_279.jpg,DEFECTUOSA,1,39582,2.74,1.0,OK,0,0,2.17,0.0,DEFECTUOSA
inclusion_280.jpg,DEFECTUOSA,1,38992,2.19,1.0,OK,0,0,1.92,0.0,DEFECTUOSA
inclusion_281.jpg,DEFECTUOSA,1,39803,2.8,1.0,OK,0,0,2.17,0.0,DEFECTUOSA
inclusion_282.jpg,DEFECTUOSA,1,40000,1.76,1.0,OK,0,0,1.64,0.0,DEFECTUOSA
inclusion_283.jpg,DEFECTUOSA,1,40000,2.19,1.0,DEFECTUOSA,2,6237,2.45,1.0,DEFECTUOSA
inclusion_284.jpg,DEFECTUOSA,1,40000,2.51,1.0,DEFECTUOSA,1,1995,2.47,0.333,DEFECTUOSA
inclusion_285.jpg,DEFECTUOSA,1,31368,2.17,1.0,DEFECTUOSA,1,520,2.47,1.0,DEFECTUOSA
inclusion_286.jpg,DEFECTUOSA,1,39762,1.78,1.0,DEFECTUOSA,1,706,1.98,1.0,DEFECTUOSA
inclusion_287.jpg,DEFECTUOSA,1,1211,2.14,0.25,DEFECTUOSA,1,1251,2.33,0.375,DEFECTUOSA
inclusion_288.jpg,DEFECTUOSA,1,1219,2.23,1.0,DEFECTUOSA,1,1368,1.83,0.5,DEFECTUOSA
inclusion_289.jpg,DEFECTUOSA,2,960,1.94,0.75,OK,0,0,1.91,0.0,DEFECTUOSA
inclusion_290.jpg,DEFECTUOSA,1,40000,2.16,1.0,DEFECTUOSA,1,563,1.72,1.0,DEFECTUOSA
inclusion_291.jpg,DEFECTUOSA,1,36712,2.65,1.0,DEFECTUOSA,1,1193,2.55,0.25,DEFECTUOSA
inclusion_292.jpg,DEFECTUOSA,1,40000,1.88,1.0,OK,0,0,3.04,0.0,DEFECTUOSA
inclusion_293.jpg,DEFECTUOSA,1,2015,1.78,0.667,DEFECTUOSA,1,2108,3.07,0.667,DEFECTUOSA
inclusion_294.jpg,DEFECTUOSA,1,40000,2.15,1.0,OK,0,0,2.03,0.0,DEFECTUOSA
inclusion_295.jpg,DEFECTUOSA,1,1863,1.93,1.0,DEFECTUOSA,1,1130,1.83,1.0,DEFECTUOSA
inclusion_296.jpg,DEFECTUOSA,1,1807,1.93,1.0,DEFECTUOSA,1,2060,1.97,1.0,DEFECTUOSA
inclusion_297.jpg,DEFECTUOSA,1,39823,6.99,1.0,OK,0,0,7.97,0.0,DEFECTUOSA
inclusion_298.jpg,DEFECTUOSA,1,496,3.1,0.4,DEFECTUOSA,1,679,2.42,0.4,DEFECTUOSA
inclusion_299.jpg,DEFECTUOSA,1,39603,4.36,1.0,OK,0,0,3.08,0.0,DEFECTUOSA
inclusion_300.jpg,DEFECTUOSA,1,39326,2.42,1.0,OK,0,0,3.79,0.0,DEFECTUOSA
patches_241.jpg,DEFECTUOSA,1,16565,2.12,1.0,DEFECTUOSA,1,22530,4.02,1.0,DEFECTUOSA
patches_242.jpg,DEFECTUOSA,1,30224,3.0,1.0,DEFECTUOSA,1,32510,2.7,1.0,DEFECTUOSA
patches_243.jpg,DEFECTUOSA,1,31475,3.8,1.0,DEFECTUOSA,1,32707,2.74,1.0,DEFECTUOSA
patches_244.jpg,DEFECTUOSA,1,39804,4.46,1.0,DEFECTUOSA,1,40000,2.47,1.0,DEFECTUOSA
patches_245.jpg,DEFECTUOSA,1,36772,2.03,1.0,DEFECTUOSA,1,38044,2.7,1.0,DEFECTUOSA
patches_246.jpg,DEFECTUOSA,1,36783,1.81,1.0,DEFECTUOSA,1,38151,2.76,1.0,DEFECTUOSA
patches_247.jpg,DEFECTUOSA,1,25657,2.12,1.0,DEFECTUOSA,1,31833,2.3,1.0,DEFECTUOSA
patches_248.jpg,DEFECTUOSA,2,24852,1.83,1.0,DEFECTUOSA,1,33597,2.4,1.0,DEFECTUOSA
patches_249.jpg,DEFECTUOSA,1,18671,3.35,1.0,DEFECTUOSA,1,25889,4.3,1.0,DEFECTUOSA
patches_250.jpg,DEFECTUOSA,1,36597,3.1,1.0,DEFECTUOSA,1,37453,3.73,1.0,DEFECTUOSA
patches_251.jpg,DEFECTUOSA,1,37124,2.01,1.0,DEFECTUOSA,1,32776,3.0,1.0,DEFECTUOSA
patches_252.jpg,DEFECTUOSA,1,40000,2.74,1.0,DEFECTUOSA,1,39358,1.92,1.0,DEFECTUOSA
patches_253.jpg,DEFECTUOSA,1,40000,1.76,1.0,DEFECTUOSA,1,39851,1.79,1.0,DEFECTUOSA
patches_254.jpg,DEFECTUOSA,1,32008,3.56,1.0,DEFECTUOSA,1,30685,2.99,1.0,DEFECTUOSA
patches_255.jpg,DEFECTUOSA,1,40000,3.39,1.0,DEFECTUOSA,1,40000,3.35,1.0,DEFECTUOSA
patches_256.jpg,DEFECTUOSA,2,17685,4.07,1.0,DEFECTUOSA,2,23400,4.24,1.0,DEFECTUOSA
patches_257.jpg,DEFECTUOSA,1,37889,4.22,1.0,DEFECTUOSA,1,40000,4.12,1.0,DEFECTUOSA
patches_258.jpg,DEFECTUOSA,1,40000,3.03,1.0,DEFECTUOSA,1,39577,4.17,1.0,DEFECTUOSA
patches_259.jpg,DEFECTUOSA,1,28286,4.24,1.0,DEFECTUOSA,1,33381,4.13,1.0,DEFECTUOSA
patches_260.jpg,DEFECTUOSA,4,16652,3.8,1.0,DEFECTUOSA,1,32381,4.2,1.0,DEFECTUOSA
patches_261.jpg,DEFECTUOSA,4,7225,4.64,1.0,DEFECTUOSA,1,40000,3.94,1.0,DEFECTUOSA
patches_262.jpg,DEFECTUOSA,1,39705,3.17,1.0,DEFECTUOSA,1,40000,4.22,1.0,DEFECTUOSA
patches_263.jpg,DEFECTUOSA,1,40000,4.62,1.0,DEFECTUOSA,1,38626,4.25,1.0,DEFECTUOSA
patches_264.jpg,DEFECTUOSA,2,6513,3.75,1.0,DEFECTUOSA,1,39862,3.49,1.0,DEFECTUOSA
patches_265.jpg,DEFECTUOSA,2,20439,4.53,1.0,DEFECTUOSA,1,31352,4.2,1.0,DEFECTUOSA
patches_266.jpg,DEFECTUOSA,1,40000,4.32,1.0,DEFECTUOSA,1,39862,3.79,1.0,DEFECTUOSA
patches_267.jpg,DEFECTUOSA,2,21066,4.12,1.0,DEFECTUOSA,1,28799,4.23,1.0,DEFECTUOSA
patches_268.jpg,DEFECTUOSA,2,20175,2.46,1.0,DEFECTUOSA,2,28383,2.36,1.0,DEFECTUOSA
patches_269.jpg,DEFECTUOSA,1,38640,3.35,1.0,DEFECTUOSA,1,39580,3.18,1.0,DEFECTUOSA
patches_270.jpg,DEFECTUOSA,6,13937,4.84,1.0,DEFECTUOSA,2,20623,4.53,1.0,DEFECTUOSA
patches_271.jpg,DEFECTUOSA,1,40000,3.41,1.0,DEFECTUOSA,1,39817,2.51,1.0,DEFECTUOSA
patches_272.jpg,DEFECTUOSA,1,40000,5.19,1.0,DEFECTUOSA,1,38833,3.95,1.0,DEFECTUOSA
patches_273.jpg,DEFECTUOSA,1,24914,4.86,1.0,DEFECTUOSA,1,28121,3.97,1.0,DEFECTUOSA
patches_274.jpg,DEFECTUOSA,1,39664,4.67,1.0,DEFECTUOSA,1,36462,4.58,1.0,DEFECTUOSA
patches_275.jpg,DEFECTUOSA,1,3415,3.62,1.0,DEFECTUOSA,1,39812,4.3,1.0,DEFECTUOSA
patches_276.jpg,DEFECTUOSA,1,29978,2.97,1.0,DEFECTUOSA,1,37200,3.78,1.0,DEFECTUOSA
patches_277.jpg,DEFECTUOSA,1,36439,4.4,1.0,DEFECTUOSA,1,37708,4.51,1.0,DEFECTUOSA
patches_278.jpg,DEFECTUOSA,1,8976,4.25,1.0,DEFECTUOSA,1,39655,4.43,1.0,DEFECTUOSA
patches_279.jpg,DEFECTUOSA,1,40000,3.84,1.0,DEFECTUOSA,1,39729,4.46,1.0,DEFECTUOSA
patches_280.jpg,DEFECTUOSA,1,40000,2.71,1.0,DEFECTUOSA,1,37705,4.36,1.0,DEFECTUOSA
patches_281.jpg,DEFECTUOSA,1,39835,1.74,1.0,DEFECTUOSA,1,38567,1.83,1.0,DEFECTUOSA
patches_282.jpg,DEFECTUOSA,1,35174,2.89,1.0,DEFECTUOSA,1,38507,3.71,1.0,DEFECTUOSA
patches_283.jpg,DEFECTUOSA,2,5449,3.95,0.75,DEFECTUOSA,1,39913,3.27,1.0,DEFECTUOSA
patches_284.jpg,DEFECTUOSA,1,39233,2.58,1.0,DEFECTUOSA,1,36725,2.31,1.0,DEFECTUOSA
patches_285.jpg,DEFECTUOSA,1,39860,2.42,1.0,DEFECTUOSA,1,39268,3.59,1.0,DEFECTUOSA
patches_286.jpg,DEFECTUOSA,1,38868,1.92,1.0,DEFECTUOSA,1,39117,2.46,1.0,DEFECTUOSA
patches_287.jpg,DEFECTUOSA,1,38834,2.38,1.0,DEFECTUOSA,1,38268,2.04,1.0,DEFECTUOSA
patches_288.jpg,DEFECTUOSA,1,39879,2.31,1.0,DEFECTUOSA,1,38996,2.38,1.0,DEFECTUOSA
patches_289.jpg,DEFECTUOSA,4,7896,1.79,0.8,DEFECTUOSA,1,40000,1.86,1.0,DEFECTUOSA
patches_290.jpg,DEFECTUOSA,1,35765,2.18,1.0,DEFECTUOSA,1,38336,2.28,1.0,DEFECTUOSA
patches_291.jpg,DEFECTUOSA,1,30741,2.12,1.0,DEFECTUOSA,1,34180,2.29,1.0,DEFECTUOSA
patches_292.jpg,DEFECTUOSA,2,21886,2.28,1.0,DEFECTUOSA,2,27444,2.43,1.0,DEFECTUOSA
patches_293.jpg,DEFECTUOSA,1,36162,2.61,1.0,DEFECTUOSA,1,34547,2.99,1.0,DEFECTUOSA
patches_294.jpg,DEFECTUOSA,1,36264,2.24,1.0,DEFECTUOSA,1,34661,2.12,1.0,DEFECTUOSA
patches_295.jpg,DEFECTUOSA,1,32264,2.04,1.0,DEFECTUOSA,1,34281,2.0,1.0,DEFECTUOSA
patches_296.jpg,DEFECTUOSA,1,38933,1.96,1.0,DEFECTUOSA,1,38066,2.99,1.0,DEFECTUOSA
patches_297.jpg,DEFECTUOSA,1,34993,2.33,1.0,DEFECTUOSA,1,37513,2.36,1.0,DEFECTUOSA
patches_298.jpg,DEFECTUOSA,1,39786,1.89,1.0,DEFECTUOSA,1,39740,2.55,1.0,DEFECTUOSA
patches_299.jpg,DEFECTUOSA,1,17381,2.04,1.0,DEFECTUOSA,1,39902,3.33,1.0,DEFECTUOSA
patches_300.jpg,DEFECTUOSA,1,40000,1.72,1.0,DEFECTUOSA,1,39668,2.95,1.0,DEFECTUOSA
pitted_surface_241.jpg,DEFECTUOSA,5,5800,1.9,1.0,DEFECTUOSA,3,7431,2.46,1.0,DEFECTUOSA
pitted_surface_242.jpg,DEFECTUOSA,1,40000,3.03,1.0,DEFECTUOSA,1,18462,4.51,1.0,DEFECTUOSA
pitted_surface_243.jpg,DEFECTUOSA,1,40000,2.17,1.0,DEFECTUOSA,1,21546,2.25,1.0,DEFECTUOSA
pitted_surface_244.jpg,DEFECTUOSA,1,38857,2.26,1.0,DEFECTUOSA,1,17640,2.5,1.0,DEFECTUOSA
pitted_surface_245.jpg,DEFECTUOSA,1,40000,3.48,1.0,DEFECTUOSA,1,24583,4.36,1.0,DEFECTUOSA
pitted_surface_246.jpg,DEFECTUOSA,1,40000,4.02,1.0,DEFECTUOSA,2,7139,2.19,0.5,DEFECTUOSA
pitted_surface_247.jpg,DEFECTUOSA,5,10557,1.84,1.0,DEFECTUOSA,4,11003,2.6,1.0,DEFECTUOSA
pitted_surface_248.jpg,DEFECTUOSA,1,32958,1.7,1.0,DEFECTUOSA,2,17710,1.84,1.0,DEFECTUOSA
pitted_surface_249.jpg,DEFECTUOSA,1,39735,2.77,1.0,DEFECTUOSA,1,23215,2.17,1.0,DEFECTUOSA
pitted_surface_250.jpg,DEFECTUOSA,1,40000,1.86,1.0,DEFECTUOSA,1,31129,2.2,1.0,DEFECTUOSA
pitted_surface_251.jpg,DEFECTUOSA,1,40000,2.16,1.0,DEFECTUOSA,1,9304,2.43,1.0,DEFECTUOSA
pitted_surface_252.jpg,DEFECTUOSA,1,40000,3.98,1.0,DEFECTUOSA,1,12943,4.27,1.0,DEFECTUOSA
pitted_surface_253.jpg,DEFECTUOSA,1,31724,2.84,1.0,DEFECTUOSA,1,17100,2.6,1.0,DEFECTUOSA
pitted_surface_254.jpg,DEFECTUOSA,1,38116,2.01,1.0,DEFECTUOSA,1,25754,2.11,1.0,DEFECTUOSA
pitted_surface_255.jpg,DEFECTUOSA,1,40000,4.06,1.0,DEFECTUOSA,1,31376,3.71,1.0,DEFECTUOSA
pitted_surface_256.jpg,DEFECTUOSA,1,40000,2.2,1.0,DEFECTUOSA,1,6090,1.94,0.5,DEFECTUOSA
pitted_surface_257.jpg,DEFECTUOSA,1,40000,2.73,1.0,DEFECTUOSA,2,5898,2.78,1.0,DEFECTUOSA
pitted_surface_258.jpg,DEFECTUOSA,1,32845,2.64,1.0,DEFECTUOSA,2,21291,3.27,1.0,DEFECTUOSA
pitted_surface_259.jpg,DEFECTUOSA,1,40000,2.36,1.0,DEFECTUOSA,1,32893,2.69,1.0,DEFECTUOSA
pitted_surface_260.jpg,DEFECTUOSA,1,40000,2.88,1.0,DEFECTUOSA,1,16991,2.21,1.0,DEFECTUOSA
pitted_surface_261.jpg,DEFECTUOSA,2,27862,2.87,1.0,DEFECTUOSA,3,15039,2.36,1.0,DEFECTUOSA
pitted_surface_262.jpg,DEFECTUOSA,1,35215,1.76,1.0,DEFECTUOSA,1,19428,2.33,1.0,DEFECTUOSA
pitted_surface_263.jpg,DEFECTUOSA,1,40000,1.95,1.0,DEFECTUOSA,1,18399,2.18,1.0,DEFECTUOSA
pitted_surface_264.jpg,DEFECTUOSA,1,40000,2.17,1.0,DEFECTUOSA,1,12328,2.15,1.0,DEFECTUOSA
pitted_surface_265.jpg,DEFECTUOSA,1,40000,2.12,1.0,DEFECTUOSA,1,3773,1.69,1.0,DEFECTUOSA
pitted_surface_266.jpg,DEFECTUOSA,3,18011,1.89,1.0,DEFECTUOSA,2,4513,1.67,0.667,DEFECTUOSA
pitted_surface_267.jpg,DEFECTUOSA,1,35979,1.71,1.0,DEFECTUOSA,2,6526,1.69,1.0,DEFECTUOSA
pitted_surface_268.jpg,DEFECTUOSA,1,39737,2.05,1.0,DEFECTUOSA,1,14571,1.63,1.0,DEFECTUOSA
pitted_surface_269.jpg,DEFECTUOSA,1,40000,1.84,1.0,DEFECTUOSA,1,33787,1.62,1.0,DEFECTUOSA
pitted_surface_270.jpg,DEFECTUOSA,1,39465,1.64,1.0,DEFECTUOSA,1,22986,2.06,1.0,DEFECTUOSA
pitted_surface_271.jpg,DEFECTUOSA,1,39695,2.34,1.0,DEFECTUOSA,2,15322,1.92,1.0,DEFECTUOSA
pitted_surface_272.jpg,DEFECTUOSA,1,40000,2.17,1.0,DEFECTUOSA,1,14640,2.06,1.0,DEFECTUOSA
pitted_surface_273.jpg,DEFECTUOSA,1,40000,1.69,1.0,DEFECTUOSA,2,1944,1.89,0.0,DEFECTUOSA
pitted_surface_274.jpg,DEFECTUOSA,1,40000,1.83,1.0,DEFECTUOSA,2,7961,1.65,1.0,DEFECTUOSA
pitted_surface_275.jpg,DEFECTUOSA,1,40000,2.17,1.0,DEFECTUOSA,2,8833,2.14,1.0,DEFECTUOSA
pitted_surface_276.jpg,DEFECTUOSA,1,30149,2.36,1.0,DEFECTUOSA,1,22833,2.6,1.0,DEFECTUOSA
pitted_surface_277.jpg,DEFECTUOSA,1,39020,2.02,1.0,DEFECTUOSA,1,14000,1.63,1.0,DEFECTUOSA
pitted_surface_278.jpg,DEFECTUOSA,1,38800,2.18,1.0,DEFECTUOSA,2,9374,1.82,1.0,DEFECTUOSA
pitted_surface_279.jpg,DEFECTUOSA,3,19897,2.5,1.0,DEFECTUOSA,3,16016,1.72,1.0,DEFECTUOSA
pitted_surface_280.jpg,DEFECTUOSA,1,35013,2.06,1.0,DEFECTUOSA,1,16221,1.73,1.0,DEFECTUOSA
pitted_surface_281.jpg,DEFECTUOSA,1,37505,2.03,1.0,DEFECTUOSA,2,1582,1.61,0.5,DEFECTUOSA
pitted_surface_282.jpg,DEFECTUOSA,1,37786,2.18,1.0,DEFECTUOSA,1,760,1.94,0.0,DEFECTUOSA
pitted_surface_283.jpg,DEFECTUOSA,1,33801,2.32,1.0,DEFECTUOSA,3,4846,1.71,1.0,DEFECTUOSA
pitted_surface_284.jpg,DEFECTUOSA,1,37986,2.09,1.0,DEFECTUOSA,2,7513,1.91,1.0,DEFECTUOSA
pitted_surface_285.jpg,DEFECTUOSA,1,37949,1.72,1.0,DEFECTUOSA,1,7944,1.76,1.0,DEFECTUOSA
pitted_surface_286.jpg,DEFECTUOSA,1,40000,1.78,1.0,DEFECTUOSA,1,4949,1.7,1.0,DEFECTUOSA
pitted_surface_287.jpg,DEFECTUOSA,1,40000,2.13,1.0,DEFECTUOSA,1,15838,1.68,1.0,DEFECTUOSA
pitted_surface_288.jpg,DEFECTUOSA,1,40000,1.8,1.0,DEFECTUOSA,2,4816,1.66,1.0,DEFECTUOSA
pitted_surface_289.jpg,DEFECTUOSA,1,38120,1.94,1.0,DEFECTUOSA,1,4958,1.98,1.0,DEFECTUOSA
pitted_surface_290.jpg,DEFECTUOSA,1,31536,1.65,1.0,DEFECTUOSA,4,9162,1.69,1.0,DEFECTUOSA
pitted_surface_291.jpg,DEFECTUOSA,1,39737,1.67,1.0,DEFECTUOSA,1,38033,1.85,1.0,DEFECTUOSA
pitted_surface_292.jpg,DEFECTUOSA,1,32342,1.71,1.0,DEFECTUOSA,1,36968,1.89,1.0,DEFECTUOSA
pitted_surface_293.jpg,DEFECTUOSA,1,37274,1.98,1.0,DEFECTUOSA,1,32243,1.78,1.0,DEFECTUOSA
pitted_surface_294.jpg,DEFECTUOSA,1,15100,1.67,1.0,DEFECTUOSA,1,22551,1.64,1.0,DEFECTUOSA
pitted_surface_295.jpg,DEFECTUOSA,2,28694,2.08,1.0,DEFECTUOSA,1,26489,1.86,1.0,DEFECTUOSA
pitted_surface_296.jpg,DEFECTUOSA,1,38827,1.86,1.0,DEFECTUOSA,1,38760,1.6,1.0,DEFECTUOSA
pitted_surface_297.jpg,DEFECTUOSA,1,19414,1.73,1.0,DEFECTUOSA,1,20859,2.02,1.0,DEFECTUOSA
pitted_surface_298.jpg,DEFECTUOSA,1,31502,1.66,1.0,DEFECTUOSA,1,1854,2.04,0.5,DEFECTUOSA
pitted_surface_299.jpg,DEFECTUOSA,1,32175,2.61,1.0,DEFECTUOSA,3,5192,2.13,0.667,DEFECTUOSA
pitted_surface_300.jpg,DEFECTUOSA,1,40000,1.95,1.0,DEFECTUOSA,1,14747,1.71,1.0,DEFECTUOSA
rolled-in_scale_241.jpg,DEFECTUOSA,1,40000,1.64,1.0,DEFECTUOSA,1,26253,1.62,1.0,DEFECTUOSA
rolled-in_scale_242.jpg,DEFECTUOSA,1,40000,1.78,1.0,DEFECTUOSA,1,34979,1.62,1.0,DEFECTUOSA
rolled-in_scale_243.jpg,DEFECTUOSA,1,40000,2.09,1.0,DEFECTUOSA,1,29060,1.85,1.0,DEFECTUOSA
rolled-in_scale_244.jpg,DEFECTUOSA,1,40000,1.66,1.0,DEFECTUOSA,1,28052,1.61,1.0,DEFECTUOSA
rolled-in_scale_245.jpg,DEFECTUOSA,1,40000,1.89,1.0,DEFECTUOSA,1,31533,1.59,1.0,DEFECTUOSA
rolled-in_scale_246.jpg,DEFECTUOSA,1,40000,1.9,1.0,DEFECTUOSA,1,31042,1.6,1.0,DEFECTUOSA
rolled-in_scale_247.jpg,DEFECTUOSA,1,40000,1.91,1.0,DEFECTUOSA,1,30609,1.61,1.0,DEFECTUOSA
rolled-in_scale_248.jpg,DEFECTUOSA,1,40000,1.82,1.0,DEFECTUOSA,1,29467,1.61,1.0,DEFECTUOSA
rolled-in_scale_249.jpg,DEFECTUOSA,1,40000,2.02,1.0,DEFECTUOSA,1,29903,1.62,1.0,DEFECTUOSA
rolled-in_scale_250.jpg,DEFECTUOSA,1,39833,2.05,1.0,DEFECTUOSA,2,21971,1.8,1.0,DEFECTUOSA
rolled-in_scale_251.jpg,DEFECTUOSA,1,40000,2.15,1.0,DEFECTUOSA,1,20772,1.92,1.0,DEFECTUOSA
rolled-in_scale_252.jpg,DEFECTUOSA,1,39859,2.12,1.0,DEFECTUOSA,1,33104,1.57,1.0,DEFECTUOSA
rolled-in_scale_253.jpg,DEFECTUOSA,1,40000,2.68,1.0,DEFECTUOSA,1,29752,2.12,1.0,DEFECTUOSA
rolled-in_scale_254.jpg,DEFECTUOSA,1,40000,1.66,1.0,DEFECTUOSA,1,24743,1.98,1.0,DEFECTUOSA
rolled-in_scale_255.jpg,DEFECTUOSA,1,39737,2.06,1.0,DEFECTUOSA,1,26039,2.14,1.0,DEFECTUOSA
rolled-in_scale_256.jpg,DEFECTUOSA,1,40000,1.93,1.0,DEFECTUOSA,1,25321,1.72,1.0,DEFECTUOSA
rolled-in_scale_257.jpg,DEFECTUOSA,1,40000,2.05,1.0,DEFECTUOSA,1,28729,1.64,1.0,DEFECTUOSA
rolled-in_scale_258.jpg,DEFECTUOSA,1,40000,1.63,1.0,DEFECTUOSA,1,29482,1.59,1.0,DEFECTUOSA
rolled-in_scale_259.jpg,DEFECTUOSA,1,36464,2.4,1.0,DEFECTUOSA,1,28329,1.87,1.0,DEFECTUOSA
rolled-in_scale_260.jpg,DEFECTUOSA,1,39662,2.07,1.0,DEFECTUOSA,1,27369,1.61,1.0,DEFECTUOSA
rolled-in_scale_261.jpg,DEFECTUOSA,1,40000,1.68,1.0,DEFECTUOSA,1,23540,1.59,1.0,DEFECTUOSA
rolled-in_scale_262.jpg,DEFECTUOSA,1,40000,2.03,1.0,DEFECTUOSA,1,24299,1.66,1.0,DEFECTUOSA
rolled-in_scale_263.jpg,DEFECTUOSA,1,40000,1.86,1.0,DEFECTUOSA,1,31289,1.67,1.0,DEFECTUOSA
rolled-in_scale_264.jpg,DEFECTUOSA,1,40000,1.67,1.0,DEFECTUOSA,1,33582,1.56,1.0,DEFECTUOSA
rolled-in_scale_265.jpg,DEFECTUOSA,1,40000,1.67,1.0,DEFECTUOSA,1,23434,1.65,1.0,DEFECTUOSA
rolled-in_scale_266.jpg,DEFECTUOSA,1,40000,2.17,1.0,DEFECTUOSA,1,26408,1.56,1.0,DEFECTUOSA
rolled-in_scale_267.jpg,DEFECTUOSA,1,40000,1.92,1.0,DEFECTUOSA,1,30491,1.68,1.0,DEFECTUOSA
rolled-in_scale_268.jpg,DEFECTUOSA,1,40000,2.15,1.0,DEFECTUOSA,2,30774,1.87,1.0,DEFECTUOSA
rolled-in_scale_269.jpg,DEFECTUOSA,1,39851,2.02,1.0,DEFECTUOSA,1,21696,2.16,1.0,DEFECTUOSA
rolled-in_scale_270.jpg,DEFECTUOSA,1,39523,2.04,1.0,DEFECTUOSA,2,24365,2.14,1.0,DEFECTUOSA
rolled-in_scale_271.jpg,DEFECTUOSA,1,40000,3.62,1.0,DEFECTUOSA,1,26844,2.55,1.0,DEFECTUOSA
rolled-in_scale_272.jpg,DEFECTUOSA,1,40000,2.07,1.0,DEFECTUOSA,1,24242,1.61,1.0,DEFECTUOSA
rolled-in_scale_273.jpg,DEFECTUOSA,1,40000,1.81,1.0,DEFECTUOSA,1,27970,1.62,1.0,DEFECTUOSA
rolled-in_scale_274.jpg,DEFECTUOSA,1,40000,1.9,1.0,DEFECTUOSA,1,28569,1.61,1.0,DEFECTUOSA
rolled-in_scale_275.jpg,DEFECTUOSA,1,39066,2.13,1.0,DEFECTUOSA,1,17448,2.24,1.0,DEFECTUOSA
rolled-in_scale_276.jpg,DEFECTUOSA,1,39556,2.38,1.0,DEFECTUOSA,4,13523,1.77,1.0,DEFECTUOSA
rolled-in_scale_277.jpg,DEFECTUOSA,1,39797,2.21,1.0,DEFECTUOSA,2,16030,1.69,1.0,DEFECTUOSA
rolled-in_scale_278.jpg,DEFECTUOSA,1,39611,2.44,1.0,DEFECTUOSA,1,23871,1.9,1.0,DEFECTUOSA
rolled-in_scale_279.jpg,DEFECTUOSA,1,39828,2.12,1.0,DEFECTUOSA,1,24727,1.67,1.0,DEFECTUOSA
rolled-in_scale_280.jpg,DEFECTUOSA,1,39737,1.72,1.0,DEFECTUOSA,1,21297,1.63,1.0,DEFECTUOSA
rolled-in_scale_281.jpg,DEFECTUOSA,1,40000,1.63,1.0,DEFECTUOSA,1,22437,1.58,1.0,DEFECTUOSA
rolled-in_scale_282.jpg,DEFECTUOSA,1,39862,1.87,1.0,DEFECTUOSA,1,30513,1.62,1.0,DEFECTUOSA
rolled-in_scale_283.jpg,DEFECTUOSA,1,39795,1.91,1.0,DEFECTUOSA,1,29976,2.25,1.0,DEFECTUOSA
rolled-in_scale_284.jpg,DEFECTUOSA,1,39810,1.74,1.0,DEFECTUOSA,1,29474,1.63,1.0,DEFECTUOSA
rolled-in_scale_285.jpg,DEFECTUOSA,1,39469,1.69,1.0,DEFECTUOSA,1,28989,1.59,1.0,DEFECTUOSA
rolled-in_scale_286.jpg,DEFECTUOSA,1,40000,1.93,1.0,DEFECTUOSA,1,28329,1.74,1.0,DEFECTUOSA
rolled-in_scale_287.jpg,DEFECTUOSA,1,40000,1.81,1.0,DEFECTUOSA,1,27724,2.07,1.0,DEFECTUOSA
rolled-in_scale_288.jpg,DEFECTUOSA,1,40000,2.05,1.0,DEFECTUOSA,1,26722,1.65,1.0,DEFECTUOSA
rolled-in_scale_289.jpg,DEFECTUOSA,1,39825,3.07,1.0,DEFECTUOSA,1,28144,2.91,1.0,DEFECTUOSA
rolled-in_scale_290.jpg,DEFECTUOSA,1,40000,2.96,1.0,DEFECTUOSA,2,26247,4.26,1.0,DEFECTUOSA
rolled-in_scale_291.jpg,DEFECTUOSA,1,40000,2.39,1.0,DEFECTUOSA,2,29895,2.43,1.0,DEFECTUOSA
rolled-in_scale_292.jpg,DEFECTUOSA,1,40000,2.79,1.0,DEFECTUOSA,1,31031,3.16,1.0,DEFECTUOSA
rolled-in_scale_293.jpg,DEFECTUOSA,1,40000,4.1,1.0,DEFECTUOSA,1,28188,4.45,1.0,DEFECTUOSA
rolled-in_scale_294.jpg,DEFECTUOSA,1,39813,2.76,1.0,DEFECTUOSA,1,27380,4.31,1.0,DEFECTUOSA
rolled-in_scale_295.jpg,DEFECTUOSA,1,40000,3.29,1.0,DEFECTUOSA,1,23080,2.85,1.0,DEFECTUOSA
rolled-in_scale_296.jpg,DEFECTUOSA,1,38862,2.04,1.0,DEFECTUOSA,1,23218,2.61,1.0,DEFECTUOSA
rolled-in_scale_297.jpg,DEFECTUOSA,1,40000,2.52,1.0,DEFECTUOSA,1,33227,2.46,1.0,DEFECTUOSA
rolled-in_scale_298.jpg,DEFECTUOSA,1,40000,3.79,1.0,DEFECTUOSA,1,31265,2.86,1.0,DEFECTUOSA
rolled-in_scale_299.jpg,DEFECTUOSA,1,40000,2.89,1.0,DEFECTUOSA,1,27556,2.93,1.0,DEFECTUOSA
rolled-in_scale_300.jpg,DEFECTUOSA,1,40000,2.13,1.0,DEFECTUOSA,1,25722,2.57,1.0,DEFECTUOSA
scratches_241.jpg,DEFECTUOSA,1,40000,1.95,1.0,DEFECTUOSA,3,10647,3.27,1.0,DEFECTUOSA
scratches_242.jpg,DEFECTUOSA,1,40000,2.15,1.0,DEFECTUOSA,3,6017,2.28,1.0,DEFECTUOSA
scratches_243.jpg,DEFECTUOSA,1,40000,1.81,1.0,DEFECTUOSA,5,9995,1.92,1.0,DEFECTUOSA
scratches_244.jpg,DEFECTUOSA,1,40000,1.99,1.0,DEFECTUOSA,1,8036,2.01,0.75,DEFECTUOSA
scratches_245.jpg,DEFECTUOSA,1,40000,2.0,1.0,DEFECTUOSA,3,6140,2.18,1.0,DEFECTUOSA
scratches_246.jpg,DEFECTUOSA,1,40000,2.72,1.0,DEFECTUOSA,2,2721,2.38,1.0,DEFECTUOSA
scratches_247.jpg,DEFECTUOSA,1,40000,2.99,1.0,DEFECTUOSA,2,2754,4.14,1.0,DEFECTUOSA
scratches_248.jpg,DEFECTUOSA,1,40000,1.88,1.0,DEFECTUOSA,3,4671,1.79,1.0,DEFECTUOSA
scratches_249.jpg,DEFECTUOSA,1,40000,2.06,1.0,DEFECTUOSA,2,6120,2.53,1.0,DEFECTUOSA
scratches_250.jpg,DEFECTUOSA,1,40000,2.03,1.0,DEFECTUOSA,4,7750,4.49,1.0,DEFECTUOSA
scratches_251.jpg,DEFECTUOSA,1,40000,2.46,1.0,DEFECTUOSA,1,8511,3.38,1.0,DEFECTUOSA
scratches_252.jpg,DEFECTUOSA,1,40000,1.76,1.0,DEFECTUOSA,2,8785,1.75,1.0,DEFECTUOSA
scratches_253.jpg,DEFECTUOSA,1,40000,2.08,1.0,DEFECTUOSA,1,8235,2.16,1.0,DEFECTUOSA
scratches_254.jpg,DEFECTUOSA,1,40000,1.7,1.0,DEFECTUOSA,1,3186,2.24,1.0,DEFECTUOSA
scratches_255.jpg,DEFECTUOSA,1,40000,2.33,1.0,DEFECTUOSA,1,5180,2.28,1.0,DEFECTUOSA
scratches_256.jpg,DEFECTUOSA,1,40000,2.13,1.0,DEFECTUOSA,1,5327,1.9,1.0,DEFECTUOSA
scratches_257.jpg,DEFECTUOSA,1,40000,2.35,1.0,DEFECTUOSA,1,5524,1.74,1.0,DEFECTUOSA
scratches_258.jpg,DEFECTUOSA,1,40000,2.49,1.0,DEFECTUOSA,1,5618,3.91,1.0,DEFECTUOSA
scratches_259.jpg,DEFECTUOSA,1,40000,2.18,1.0,DEFECTUOSA,1,5239,1.77,1.0,DEFECTUOSA
scratches_260.jpg,DEFECTUOSA,1,40000,1.83,1.0,DEFECTUOSA,3,6888,2.22,1.0,DEFECTUOSA
scratches_261.jpg,DEFECTUOSA,1,40000,2.61,1.0,DEFECTUOSA,3,6345,2.36,1.0,DEFECTUOSA
scratches_262.jpg,DEFECTUOSA,1,40000,2.3,1.0,DEFECTUOSA,3,6818,2.3,1.0,DEFECTUOSA
scratches_263.jpg,DEFECTUOSA,1,40000,3.98,1.0,DEFECTUOSA,2,6348,2.67,1.0,DEFECTUOSA
scratches_264.jpg,DEFECTUOSA,1,40000,4.04,1.0,DEFECTUOSA,1,11966,4.08,1.0,DEFECTUOSA
scratches_265.jpg,DEFECTUOSA,1,40000,2.3,1.0,DEFECTUOSA,1,12712,2.42,1.0,DEFECTUOSA
scratches_266.jpg,DEFECTUOSA,1,40000,4.04,1.0,DEFECTUOSA,2,5081,3.24,1.0,DEFECTUOSA
scratches_267.jpg,DEFECTUOSA,1,40000,4.26,1.0,DEFECTUOSA,2,3147,3.08,1.0,DEFECTUOSA
scratches_268.jpg,DEFECTUOSA,1,40000,2.25,1.0,DEFECTUOSA,1,5105,2.24,1.0,DEFECTUOSA
scratches_269.jpg,DEFECTUOSA,1,40000,2.37,1.0,DEFECTUOSA,2,7495,2.22,1.0,DEFECTUOSA
scratches_270.jpg,DEFECTUOSA,1,40000,2.34,1.0,DEFECTUOSA,2,8771,2.0,1.0,DEFECTUOSA
scratches_271.jpg,DEFECTUOSA,1,40000,4.34,1.0,DEFECTUOSA,2,12669,4.14,1.0,DEFECTUOSA
scratches_272.jpg,DEFECTUOSA,1,40000,3.58,1.0,DEFECTUOSA,1,9469,3.48,1.0,DEFECTUOSA
scratches_273.jpg,DEFECTUOSA,1,40000,2.25,1.0,DEFECTUOSA,2,15389,2.24,1.0,DEFECTUOSA
scratches_274.jpg,DEFECTUOSA,1,40000,2.72,1.0,DEFECTUOSA,2,16057,2.68,1.0,DEFECTUOSA
scratches_275.jpg,DEFECTUOSA,1,40000,2.42,1.0,DEFECTUOSA,3,12485,2.32,1.0,DEFECTUOSA
scratches_276.jpg,DEFECTUOSA,1,40000,2.4,1.0,DEFECTUOSA,3,9158,2.36,1.0,DEFECTUOSA
scratches_277.jpg,DEFECTUOSA,1,40000,2.38,1.0,DEFECTUOSA,1,8531,4.02,1.0,DEFECTUOSA
scratches_278.jpg,DEFECTUOSA,1,40000,2.26,1.0,DEFECTUOSA,2,12834,2.21,1.0,DEFECTUOSA
scratches_279.jpg,DEFECTUOSA,1,40000,2.31,1.0,DEFECTUOSA,1,11452,2.25,1.0,DEFECTUOSA
scratches_280.jpg,DEFECTUOSA,1,40000,2.51,1.0,DEFECTUOSA,3,12557,2.24,1.0,DEFECTUOSA
scratches_281.jpg,DEFECTUOSA,1,40000,2.45,1.0,DEFECTUOSA,4,5850,2.29,1.0,DEFECTUOSA
scratches_282.jpg,DEFECTUOSA,1,40000,4.01,1.0,DEFECTUOSA,4,6698,2.87,1.0,DEFECTUOSA
scratches_283.jpg,DEFECTUOSA,1,40000,2.15,1.0,DEFECTUOSA,2,7705,2.2,1.0,DEFECTUOSA
scratches_284.jpg,DEFECTUOSA,1,40000,2.46,1.0,DEFECTUOSA,3,6244,2.29,1.0,DEFECTUOSA
scratches_285.jpg,DEFECTUOSA,1,40000,2.38,1.0,DEFECTUOSA,2,4381,2.43,1.0,DEFECTUOSA
scratches_286.jpg,DEFECTUOSA,1,40000,2.43,1.0,DEFECTUOSA,1,3574,1.82,1.0,DEFECTUOSA
scratches_287.jpg,DEFECTUOSA,1,40000,2.39,1.0,DEFECTUOSA,1,6595,2.25,1.0,DEFECTUOSA
scratches_288.jpg,DEFECTUOSA,1,40000,2.91,1.0,DEFECTUOSA,1,4110,2.18,1.0,DEFECTUOSA
scratches_289.jpg,DEFECTUOSA,1,40000,2.31,1.0,DEFECTUOSA,1,2476,2.23,1.0,DEFECTUOSA
scratches_290.jpg,DEFECTUOSA,1,40000,4.33,1.0,DEFECTUOSA,3,2742,2.54,1.0,DEFECTUOSA
scratches_291.jpg,DEFECTUOSA,1,40000,2.36,1.0,DEFECTUOSA,1,2759,2.15,1.0,DEFECTUOSA
scratches_292.jpg,DEFECTUOSA,1,40000,2.4,1.0,DEFECTUOSA,2,6703,2.53,1.0,DEFECTUOSA
scratches_293.jpg,DEFECTUOSA,1,40000,2.5,1.0,DEFECTUOSA,1,1501,2.07,0.5,DEFECTUOSA
scratches_294.jpg,DEFECTUOSA,1,40000,3.24,1.0,DEFECTUOSA,2,7261,2.28,1.0,DEFECTUOSA
scratches_295.jpg,DEFECTUOSA,1,40000,2.71,1.0,DEFECTUOSA,4,8523,5.12,1.0,DEFECTUOSA
scratches_296.jpg,DEFECTUOSA,1,40000,2.5,1.0,DEFECTUOSA,4,6505,2.51,1.0,DEFECTUOSA
scratches_297.jpg,DEFECTUOSA,1,40000,2.44,1.0,DEFECTUOSA,2,1483,2.44,1.0,DEFECTUOSA
scratches_298.jpg,DEFECTUOSA,1,40000,2.31,1.0,DEFECTUOSA,1,5129,2.76,1.0,DEFECTUOSA
scratches_299.jpg,DEFECTUOSA,1,40000,2.64,1.0,DEFECTUOSA,1,5344,2.11,1.0,DEFECTUOSA
scratches_300.jpg,DEFECTUOSA,1,40000,2.4,1.0,DEFECTUOSA,2,4544,4.0,1.0,DEFECTUOSA
